<?xml version="1.0" encoding="utf-8" standalone="yes" ?>
<Window size="400,160" caption="0,0,400,160">
	<Font name="微软雅黑" size="14" bold="false" italic="false" default="true"/>
	<VerticalLayout bkcolor="#FFFFFFFF">
		<HorizontalLayout >
			<Label name="lbTipInfo" text="是否要进行显示设置配置？" textcolor="#FF42464B" align="center"/>
		</HorizontalLayout>
		<HorizontalLayout name="HorFunControl" height="60">
			<Button name="BtnOk" text="确定" textcolor="#FFFFFFFF" normalimage="btnnormal.png" hotimage="btnhot.png" pushedimage="btnhot.png"/>
			<Button name="BtnCancel" text="取消" textcolor="#FFFFFFFF" normalimage="btnnormal.png" hotimage="btnhot.png" pushedimage="btnhot.png"/>
		</HorizontalLayout >
	</VerticalLayout>
</Window>